pheno,options,missing_fraction,estimates,stderrs,estimates_accuracy,stderrs_accuracy,F1,std_F1
pa_activity_level,3,0.0,,,,,,
pa_avg_daily_active_hours,9,0.0,,,,,,
pa_avg_daily_active_minutes,6,0.0,,,,,,
pa_avg_activity_intensity,3,0.0,,,,,,
pa_moderate_weather_months_per_year,13,0.0,,,,,,
pa_moderate_weather_daily_hours_outside,6,0.0007582546356931137,0.7696890574978157,0.19306368585103081,100.0,0.0,,
pa_moderate_weather_sun_exposure_level,4,0.018611704694285518,0.016306448348067968,0.020753376823702027,96.07056033813345,1.9227936867035795,,
pa_hot_weather_months_per_year,13,0.0,,,,,,
pa_hot_weather_daily_hours_outside,6,0.07975460122699386,0.13867626581374065,0.05774177562733489,46.80747696465373,2.634514253987082,,
pa_hot_weather_sun_exposure_level,4,0.21017439856620942,0.11182749827389984,0.05301039299917959,92.1891700026168,1.3984163011587132,,
pa_cold_weather_months_per_year,13,0.0,,,,,,
pa_cold_weather_daily_hours_outside,6,0.19983456262493968,0.321031704653479,0.0509558716881388,57.75760127126695,1.8384967424868417,,
pa_cold_weather_sun_exposure_level,4,0.2930309505755842,0.13723923784716124,0.042135333991912605,94.60415232788247,0.717657761548776,,
pa_on_leash_off_leash_walk,4,0.0,,,,,,
pa_on_leash_walk_frequency,7,0.07003515544220032,0.1688038587018264,0.04072337289107802,23.446201057418804,2.733025034122688,,
pa_on_leash_walk_avg_hours,10,0.07003515544220032,0.045551909242074015,0.02484981126656529,44.92133516072684,2.111335333765387,,
pa_on_leash_walk_avg_minutes,7,0.07003515544220032,0.007023800428317591,0.009859201013594285,12.452543070183683,1.6406150555075085,,
pa_on_leash_walk_slow_pace_pct,35,0.07003515544220032,0.09144536334859188,0.04553102948290069,86.45075199176068,2.5560137229349564,,
pa_on_leash_walk_average_pace_pct,42,0.07003515544220032,0.013273402103041251,0.015452431311743207,41.005515110887174,2.3829111020907394,,
pa_on_leash_walk_brisk_pace_pct,44,0.07003515544220032,0.005497494813253607,0.004215356931451934,63.70656112094626,2.6484948108633253,,
pa_on_leash_walk_jog_pace_pct,36,0.07003515544220032,0.01980968155287933,0.02313911072345481,93.90102279651191,1.7604495161948188,,
pa_on_leash_walk_run_pace_pct,31,0.07003515544220032,0.029891752758200534,0.013376272759890106,94.24277210887547,0.8907231873750621,,
pa_off_leash_walk_frequency,7,0.6410008961191149,0.054362100995230665,0.018054062719696617,19.30483015868134,1.2389135777950824,,
pa_off_leash_walk_avg_hours,10,0.6410008961191149,0.20105545277546474,0.024810946136259802,35.52417012901865,1.1256557311438486,,
pa_off_leash_walk_avg_minutes,7,0.6410008961191149,0.05254407664400721,0.012672993654068907,11.125337235918227,0.9654166199813565,,
pa_off_leash_walk_slow_pace_pct,31,0.6410008961191149,0.3519463654446488,0.028853151111379066,84.02450857875154,1.1626896454998803,,
pa_off_leash_walk_average_pace_pct,36,0.6410008961191149,0.14759630354602085,0.026417698555860063,60.72692024663345,1.0823205858262437,,
pa_off_leash_walk_brisk_pace_pct,41,0.6410008961191149,0.05150462003587951,0.012230950929858498,59.738178599867524,1.3982618509194795,,
pa_off_leash_walk_jog_pace_pct,34,0.6410008961191149,0.05480683956364925,0.010251881456899625,84.71667871189223,0.6593019101391554,,
pa_off_leash_walk_run_pace_pct,37,0.6410008961191149,0.13883209659277246,0.027999864410673866,75.92005305882117,1.310262671619969,,
pa_off_leash_walk_returns_when_called_frequency,7,0.6410008961191149,0.13090440575986248,0.013468755019926506,49.194704005340576,0.8296155938273042,,
pa_physical_games_frequency,5,0.0,,,,,,
pa_swim_moderate_weather_frequency,6,0.753705107878955,0.10788559482846398,0.020314581353251746,30.027977082953043,1.5497378121247,,
pa_swim_hot_weather_frequency,6,0.7873440408078859,0.10089399320357569,0.019017125708327934,30.491698664364275,2.922468245974406,,
pa_swim_cold_weather_frequency,6,0.8028537947197905,0.035768429656644694,0.008862824616195121,50.65099999322636,1.7598282253564617,,
pa_other_aerobic_activity_frequency,7,0.0,,,,,,
pa_other_aerobic_activity_avg_hours,10,0.6025367064175915,0.05432019939719486,0.012710829166060741,48.28902784270795,1.843529903087564,,
pa_other_aerobic_activity_avg_minutes,7,0.6025367064175915,0.0037265199637842054,0.0036649827388568396,24.461372317471024,1.918702719933257,,
pa_other_aerobic_activity_avg_intensity,4,0.6025367064175915,0.12079761511824823,0.027726548099077243,53.5378427691604,1.9234855439708198,,
db_excitement_level_before_walk,6,0.0037223409388571034,0.5136639695733614,0.17685522636498605,78.4906204906205,7.272372096735009,,
db_excitement_level_before_car_ride,6,0.003446611980423244,0.7265857420129945,0.23989039576161988,42.88095238095238,16.98879182340662,,
db_aggression_level_on_leash_unknown_human,6,0.007513614117322672,0.48612413549225336,0.07311049651522634,71.69642306355692,6.096435446217843,,
db_aggression_level_toys_taken_away,6,0.0046184600537671466,0.12429432525970932,0.24170520856063632,76.36483885051996,10.507024540920671,,
db_aggression_level_approached_while_eating,6,0.006134969325153374,0.7514406699268779,0.06910449836328374,96.2210591133005,4.196324482154384,,
db_aggression_level_delivery_workers_at_home,6,0.006617495002412628,0.3108140871653117,0.17788614197820363,19.71099322133805,9.224032128268266,,
db_aggression_level_food_taken_away,6,0.010891293858137452,0.3600202008624768,0.29403729142899915,93.55903986794078,4.187911914017482,,
db_aggression_level_on_leash_unknown_dog,6,0.012063141931481353,0.3745461364393671,0.08416497289529985,50.17139608855646,7.517265396083675,,
db_aggression_level_unknown_human_near_yard,6,0.009857310264010478,0.5453564148611318,0.15809188814635652,49.18184170102676,10.751560218133665,,
db_aggression_level_unknown_aggressive_dog,6,0.024057351623354244,0.3559072073205236,0.09643353190081844,34.90066195109175,5.492003036932022,,
db_aggression_level_familiar_dog_while_eating,6,0.43930516302474665,0.17899771779345192,0.022124466708632048,47.67072770828001,1.4192119116059516,,
db_aggression_level_familiar_dog_while_playing,6,0.4091817743158475,0.12587357517728695,0.019080154505052464,48.488293477621525,1.5574490618114112,,
db_fear_level_unknown_human_away_from_home,6,0.010753429378920522,0.6259088721545278,0.1146960965961193,56.957203987911896,4.785849876291485,,
db_fear_level_loud_noises,6,0.0065485627628041635,0.14907563701740825,0.11188217511664095,14.86322552311332,8.359833809748748,,
db_fear_level_unknown_human_touch,6,0.007513614117322672,0.20315506539077913,0.1153768776577748,48.454000516848126,9.6508623267683,,
db_fear_level_unknown_objects_outside,6,0.008547597711449645,0.3205756385429228,0.17158855517749133,55.50623465992622,5.506077360268888,,
db_fear_level_unknown_dogs,6,0.01330392224443372,0.19624174184833937,0.134093569077547,38.60640163576078,5.810559175011127,,
db_fear_level_unknown_situations,6,0.009995174743227407,0.08585943489016709,0.1044131811554674,38.899541849079924,7.621781811755798,,
db_fear_level_unknown_aggressive_dog,6,0.029434066312814502,0.3793818320350687,0.06556464617275233,35.22990147571226,2.9802440211393573,,
db_fear_level_nails_clipped_at_home,6,0.06610601778451781,0.15019446776021586,0.04891978363751523,27.162456733872055,3.159422777221221,,
db_fear_level_bathed_at_home,6,0.020266078444888674,0.08526139917082552,0.054860065628300966,36.22825906235056,5.574542707831069,,
db_left_alone_restlessness_frequency,6,0.01695733094368236,0.35003852939594254,0.2043402795596929,50.94279799420873,5.2098259411835555,,
db_left_alone_barking_frequency,6,0.004894189012201006,0.06593001525090318,0.05960174320491286,31.04898486707949,9.147016012290566,,
db_left_alone_scratching_frequency,6,0.004480595574550217,0.10104452603402966,0.12531599769263205,65.36575696405417,14.912567791413455,,
db_attention_seeking_follows_humans_frequency,6,0.002205831667470876,0.5289350770552794,0.27737346739248936,26.904761904761905,17.65922061027491,,
db_attention_seeking_sits_close_to_humans_frequency,6,0.0010339835941269731,0.6378807370676736,0.21480201999131254,58.083333333333336,15.732173260875438,,
db_training_obeys_sit_command_frequency,6,0.0041359343765078925,0.06298703908133614,0.082193897047038,48.904761904761905,16.5301026665708,,
db_training_obeys_stay_command_frequency,6,0.014062176880126835,0.5252372014566639,0.1054475735905785,54.282591752615886,6.481321181990462,,
db_training_distraction_frequency,6,0.0026194251051216656,0.49036285148715425,0.3352723483090711,56.666666666666664,27.52137903257893,,
db_chases_birds_frequency,6,0.006410698283587234,0.1845004573619168,0.09040342789252812,29.15028973696021,7.024595713041621,,
db_chases_squirrels_frequency,6,0.012476735369132142,0.2342772203032503,0.11538797788865002,22.28631818650344,7.4938889026768285,,
db_escapes_home_or_property_frequency,6,0.012132074171089819,0.09701331233500363,0.04743446473121795,35.37288085312096,3.622629832648672,,
db_chews_inappropriate_objects_frequency,6,0.00579030812711105,0.22214986566219658,0.2539914296611817,54.815621505519196,11.62471128425849,,
db_pulls_leash_frequency,6,0.009099055628317363,0.10730355952196344,0.11132149910122462,27.42790348626262,7.693518356127983,,
db_urinates_in_home_frequency,6,0.0036534086992486385,0.7845829273390531,0.10869702110768999,90.80447330447329,5.991467496746176,,
db_urinates_alone_frequency,6,0.00592817260632798,0.09703968649461348,0.10449427041047628,95.11473395026027,4.926611241976549,,
db_defecates_alone_frequency,6,0.009857310264010478,0.29326753058526095,0.187808409282242,76.07393723201263,7.016192095008905,,
db_hyperactive_frequency,6,0.006617495002412628,0.1915967840490225,0.11084440499798293,53.547215349446596,9.47677063025815,,
db_playful_frequency,6,0.0035844764596401736,0.42773759698549324,0.1367637170460314,46.035155290186246,13.161123927553469,,
db_energetic_frequency,6,0.011511684014613634,0.5006448505641404,0.15350180880510336,44.65702982224722,4.458738817928043,,
db_chases_tail_frequency,6,0.008961191149100434,0.057636792993753995,0.03689042432482692,58.60286255023097,10.661821777421189,,
db_barks_frequency,6,0.0024815606259047354,0.6494459635027747,0.2747400591122742,65.71428571428571,20.94561579094007,,
df_feedings_per_day,5,0.09305852347142758,0.0032242642349824026,0.0025600580082449933,69.22083496497035,3.784407294613357,,
df_primary_diet_component_change_months_ago,13,0.7974081477907217,0.011399168456772704,0.0057989506530506125,8.23779091545708,1.009281776479293,,
df_secondary_diet_component,8,0.768387674915558,0.0070776205638279285,0.005234434776002143,8.349161425103253,1.1362191410402427,,
df_treats_frequency,6,0.09305852347142758,0.007548818296734849,0.007140622280289419,39.1932848230415,2.0252759503261903,,
df_diet_consistency,4,0.09367891362790377,0.003659441558452845,0.006771396757739252,89.58831166385677,1.8560958110735983,,
df_appetite,4,0.09305852347142758,0.014656769628133818,0.011375171711922476,52.401963511720204,3.942833576748334,,
df_weight_change_last_year,5,0.09919349279658096,0.2084467021215438,0.05632503515234428,52.827349629875584,2.4385910723430966,,
mp_dental_examination_frequency,5,0.0,,,,,,
mp_dental_brushing_frequency,5,0.0,,,,,,
mp_dental_treat_frequency,5,0.0,,,,,,
mp_dental_food_frequency,5,0.0,,,,,,
mp_dental_breath_freshener_frequency,5,0.0,,,,,,
mp_dental_cleaning_months_ago,4,0.76245950230923,0.031095496800687843,0.011601713270718123,30.271351344008234,1.7245388424211647,,
mp_dental_extraction_months_ago,4,0.8645481491693665,0.013091105843909897,0.006991240811813103,38.21608819832238,1.8559350351313628,,
mp_professional_grooming_frequency,6,0.6523057834149032,0.04829071501236692,0.013039321063838098,53.48635502062007,1.7030865736065792,,
mp_home_grooming_frequency,6,0.21038119528503482,0.07033577668433,0.026025968960540595,22.68390439082944,1.6944299125306077,,
mp_flea_and_tick_treatment_frequency,4,0.19886951127042118,0.1258437410291159,0.02000897810698703,61.64752782211792,1.2175256607285188,,
mp_heartworm_preventative_frequency,4,0.24305507685944716,0.029737233114539907,0.009142608792927023,80.22590838745927,1.5447931840697002,,
mp_vaccination_status,5,0.00048252567725925414,,,100.0,0.0,,
ss_vet_frequency,4,0.0,,,,,,
hs_general_health,6,0.0,,,,,,
hs_health_conditions_eye,4,0.0,,,,,,
hs_health_conditions_ear,4,0.0,,,,,,
hs_health_conditions_oral,4,0.0,,,,,,
hs_health_conditions_skin,4,0.0,,,,,,
hs_health_conditions_cardiac,4,0.0,,,,,,
hs_health_conditions_respiratory,4,0.0,,,,,,
hs_health_conditions_gastrointestinal,4,0.0,,,,,,
hs_health_conditions_liver,4,0.0,,,,,,
hs_health_conditions_kidney,4,0.0,,,,,,
hs_health_conditions_reproductive,4,0.0,,,,,,
hs_health_conditions_orthopedic,4,0.0,,,,,,
hs_health_conditions_neurological,4,0.0,,,,,,
hs_health_conditions_endocrine,4,0.0,,,,,,
hs_health_conditions_hematologic,4,0.0,,,,,,
ss_household_dog_count,10,0.0,,,,,,
afus_mp_vaccine_rvv,10,0.6373474874198662,0.028311903757630187,0.01241577023201982,50.23455626829533,1.5769341217385826,,
afus_mp_vaccine_dcv,10,0.6449300337767974,0.042913262412730566,0.017947830414688344,17.29250665318339,1.2627903200257482,,
afus_mp_vaccine_lv,10,0.7027641828082994,0.011071929443055703,0.006639002711968336,9.626194343461394,0.9293340731653044,,
afus_mp_vaccine_kcv,10,0.6549941407596332,0.02607298407729679,0.0071771305725788015,11.075890057962239,1.2958821041185962,,
afus_mp_vaccine_civ,10,0.7344730130281932,0.00131496381705334,0.0015868975850291762,15.64161787807617,1.8367004676880403,,
afus_mp_vaccine_ldv,10,0.7377817605293996,0.0016000034410836167,0.0014352018088839803,18.665308518557683,1.1156048028874985,,
afus_dora_1_excited_food,6,0.6345212655959193,0.11911840462182241,0.009936441666591815,0.9018538938300333,0.2190047679367174,,
afus_dora_2_most_walks_off_leash,6,0.6345212655959193,0.3378507048716512,0.018491154468915548,1.9230442992086707,0.4654388612412227,,
afus_dora_3_human_leftovers_in_bowl,6,0.6345212655959193,0.13529108742383783,0.01790123289849527,1.9555227391641776,0.4245402474740405,,
afus_dora_4_waits_for_scraps,6,0.6345212655959193,0.10041857251582487,0.015592784438610747,0.6066034929704925,0.27246116204777615,,
afus_dora_5_choosy_treats,6,0.6345212655959193,0.08687659832454868,0.012110379996537158,1.7848095200841392,0.40613757714139037,,
afus_dora_6_waits_during_food_prep,6,0.6345212655959193,0.09187157455717126,0.00958373519682339,1.1723471442935236,0.29628828849924616,,
afus_dora_7_turns_down_food,6,0.6345212655959193,0.14840068249996835,0.013432201656482692,0.569053074877153,0.24824886895011983,,
afus_dora_8_finishes_meal_quickly,6,0.6345212655959193,0.15124607236598903,0.01707842299364439,1.5859604764307316,0.3484174841631969,,
afus_dora_9_inspects_unfamilar_foods,6,0.6345212655959193,0.06344904427517213,0.016766872603154296,0.6684575148533791,0.18600590961703783,,
afus_dora_10_runs_around_alot,6,0.6345212655959193,0.34298882972156597,0.027849281310465167,1.8501569821682473,0.42165836615939106,,
afus_dora_11_interested_eating_after_meal,6,0.6345212655959193,0.1697002461688711,0.020468541154263765,0.702605019960105,0.2324348712166673,,
afus_dora_12_slow_eater,6,0.6345212655959193,0.14576254108598496,0.01486908716660179,0.2899844733862264,0.10202143634168538,,
afus_dora_13_eats_treats_quickly,6,0.6345212655959193,0.04683781104500849,0.00792484791648525,0.1238769383308338,0.1651771243770821,,
afus_dora_14_human_food_during_meals,6,0.6345212655959193,0.10946857417187335,0.0197063113417113,1.248165995813959,0.3014468748549777,,
afus_dora_15_eat_anything,5,0.6345212655959193,0.13896415977135262,0.01385322465307991,0.9922443502291574,0.23281948951942066,,
afus_dora_16_very_fit,5,0.6345212655959193,0.24454563638113477,0.025588815667079805,2.5376783284333606,0.44823410059840785,,
afus_dora_17_human_food_often,5,0.6345212655959193,0.11998567332389716,0.009860449566050804,1.7514110233850846,0.38428613464360556,,
afus_dora_18_upset_stomach_some_foods,5,0.6345212655959193,0.05653152796542464,0.011943380548180066,0.4971802903738351,0.17377315605329596,,
afus_dora_19_should_lose_weight,5,0.6345212655959193,0.06647459284136403,0.013803576042248999,0.30877682606653534,0.18264468178394994,,
afus_dora_20_most_walks_on_leash,5,0.6345212655959193,0.31009681844598513,0.025264276972200732,1.4706499710940453,0.3938812979259132,,
afus_dora_21_restrict_exercise,5,0.6345212655959193,0.03281320130693653,0.012417419572608893,7.149542962844109,0.8489225729002666,,
afus_dora_22_diet_to_control_weight,5,0.6345212655959193,0.042890722295425246,0.010559701696390386,1.2600128464503684,0.35140182727319486,,
afus_dora_23_hungry_all_time,5,0.6345212655959193,0.10985254300610467,0.021885938733399963,1.2880160887943914,0.13452388069110874,,
afus_dora_24_walks_high_energy,5,0.6345212655959193,0.2738580661352385,0.025107380345551395,1.4931217209031729,0.3781743264732424,,
afus_dora_25_careful_dogs_weight,5,0.6345212655959193,0.07662378720130013,0.012471240611491222,1.3506471655727985,0.3372879135078611,,
afus_dora_26_sensitive_stomach,5,0.6345212655959193,0.0804991479693643,0.011622078321844883,0.8699524772797197,0.46504605880440064,,
afus_dora_27_very_greedy,5,0.6345212655959193,0.11733096821793565,0.018966029759946466,1.062438365102834,0.3000034439812862,,
afus_dora_28_vet_often_for_health_problems,5,0.6345212655959193,0.05402464499137873,0.010996977443044308,0.27736258302128486,0.13486305399250717,,
afus_dora_29_happy_dogs_weight,5,0.6345212655959193,0.06794519735995973,0.011164661158368597,0.569586499049275,0.13547626768111753,,
afus_dora_30_measure_dogs_food,5,0.6345212655959193,0.06141012601959358,0.01849529278208682,0.22075800240913615,0.1350444144867201,,
afus_dora_31_regulate_exercise_for_weight,5,0.6345212655959193,0.0735685194054343,0.0197970255249212,0.8933456042582982,0.2708347677461989,,
afus_dora_32_gets_lots_of_exercise,5,0.6345212655959193,0.36768410273687613,0.02451349912187724,1.127760282215969,0.27378822707489614,,
afus_dora_33_upset_stomach_often,5,0.6345212655959193,0.06274508906471697,0.02082417391791693,0.8311906416872341,0.17897499667314515,,
afus_dora_34_no_human_food_during_meals,5,0.6345212655959193,0.07812945344871637,0.020428037098784664,0.3554802078368667,0.13055426025458783,,
afus_dora_35_eat_non_food_objects,5,0.6345212655959193,0.035140010783088836,0.012650249152395229,3.7680819281649582,0.4767224147404164,,
afus_dora_factor_food_responsiveness_satiety,103,0.6345212655959193,0.26046351024168796,0.014113087391947424,0.29105014229525533,0.16827464377485213,,
afus_dora_factor_lack_of_fussiness,32,0.6345212655959193,0.11648597922423717,0.017770858740742225,0.5433498023262155,0.29480872276194536,,
afus_dora_factor_interest_in_food,14,0.6345212655959193,0.12889005671096307,0.016366465106968826,0.7877330363842456,0.1308221550561437,,
afus_dora_factor_owner_perception,17,0.6345212655959193,0.1607161719248885,0.018222789870960654,1.4904047632816728,0.5119600264270381,,
afus_dora_factor_owner_intervention_control_weight,26,0.6345212655959193,0.12801596636517662,0.019601675598651083,0.4447140798489705,0.14725586050320774,,
afus_dora_factor_restriction_human_food,58,0.6345212655959193,0.19268291290717937,0.03331764135955546,0.1629150817030149,0.16021053848686437,,
afus_dora_factor_exercise_taken,97,0.6345212655959193,0.428421224007551,0.023630074122571287,0.2870238551448684,0.1098854405208142,,
afus_dora_factor_signs_gi_disease,17,0.6345212655959193,0.08120702232402174,0.018309822048462127,1.4943495463973986,0.353966639963151,,
afus_dora_factor_current_disease,10,0.6345212655959193,0.07932716000826631,0.01894025266671876,1.2931546342963194,0.3035511760923985,,
afus_dora_score_dog_food_motivation,239,0.6345212655959193,0.2004279518360726,0.021306722866799604,0.36967967372312516,0.15773706741666985,,
afus_dora_score_owner_management,435,0.6345212655959193,0.11646089332081284,0.015474154500562666,0.11403311554150948,0.07179160999308298,,
afus_mdors_1_play_games,6,0.6312814503343214,0.23724854879703536,0.030113854034801473,37.40289507347076,0.9298562952920232,,
afus_mdors_2_treats,6,0.6312814503343214,0.05694478005223421,0.0187559241343155,75.18297245895052,1.7549443551881314,,
afus_mdors_3_kiss,6,0.6312814503343214,0.01689806948995,0.007814581471671135,29.808885918197785,1.7368414303428683,,
afus_mdors_4_dog_in_car,6,0.6312814503343214,0.17779818907856942,0.01754270639214024,28.62916783394878,1.1842100175656696,,
afus_mdors_5_hug,6,0.6312814503343214,0.006496415577831485,0.0038847806295659953,77.83227661932517,1.4626432184227227,,
afus_mdors_6_relaxing_together,6,0.6312814503343214,0.017925301280043535,0.010825682085368828,94.89961130443655,0.44534051119380047,,
afus_mdors_7_grooming_frequency,6,0.6312814503343214,0.1003216527691562,0.021303755800734073,29.69902277102785,1.0598574033752297,,
afus_mdors_8_visiting_other_people,6,0.6312814503343214,0.11267492002143706,0.017181051372704155,16.812125087508715,1.0324944557314992,,
afus_mdors_9_buy_presents,6,0.6312814503343214,0.09685417736958069,0.017551194761721237,47.662664613325504,1.3380380626163433,,
afus_mdors_10_get_through_tough_times,6,0.6312814503343214,0.0012850218928045175,0.002717471738840227,50.28278578185807,1.7175259895503596,,
afus_mdors_11_dog_for_comfort,6,0.6312814503343214,0.011255091099374183,0.006570169196989528,46.40664973635591,0.9093162962275543,,
afus_mdors_12_close_proximity,6,0.6312814503343214,0.009011296736325579,0.004160927665670568,35.54514282318212,1.0778918477757802,,
afus_mdors_13_constant_companionship,6,0.6312814503343214,0.015080885985485463,0.006241226827240966,46.02963755537532,1.5026887024482458,,
afus_mdors_14_there_for_me,6,0.6312814503343214,0.0034483265277020954,0.003018320925895582,63.102997031490574,0.6316537947449193,,
afus_mdors_15_reason_to_get_up,6,0.6312814503343214,0.017895999246935752,0.006424502430898742,29.526465922323222,1.290327283675007,,
afus_mdors_16_never_apart,6,0.6312814503343214,0.024243675021396332,0.012038345983983687,31.07791967321382,1.1702462381246324,,
afus_mdors_17_constantly_attentive,6,0.6312814503343214,0.10041746056887554,0.018775617456111397,41.706037738420946,1.5643172900719935,,
afus_mdors_18_share_secrets,6,0.6312814503343214,0.015971741714510473,0.010121048308223652,9.971194443537732,0.9702239195276333,,
afus_mdors_19_trauma_of_death,6,0.6312814503343214,0.02278544107089026,0.0089111637698154,53.980435634726156,1.7019572708967095,,
afus_mdors_20_care_is_chore,6,0.6312814503343214,0.05666779038164142,0.014138694636028154,25.046920563443273,1.4505190734769888,,
afus_mdors_21_interferes_with_activities,6,0.6312814503343214,0.028001863036933715,0.008861419274433208,29.334999853404145,1.0454044566993184,,
afus_mdors_22_more_trouble_than_its_worth,6,0.6312814503343214,0.012522150317460363,0.008129368688705564,88.19187592123328,1.3577175853828634,,
afus_mdors_23_annoying_to_change_plans,6,0.6312814503343214,0.03599701834969625,0.010415310680314397,30.56756165255674,1.002213113144132,,
afus_mdors_24_stopped_enjoyable_activities,6,0.6312814503343214,0.022970292190581287,0.007820568760629167,45.38436746565006,1.54398808077398,,
afus_mdors_25_dont_like_ownership,6,0.6312814503343214,0.010798591658713745,0.004448749161430941,34.343916572679824,1.8428478487085627,,
afus_mdors_26_makes_mess,6,0.6312814503343214,0.04188939853295916,0.008899455488697161,52.46797766723415,1.3383865246883877,,
afus_mdors_27_costs_money,6,0.6312814503343214,0.03075411478164638,0.0077886965235959785,36.34736372118441,1.7825581744222319,,
afus_mdors_28_hard_to_care_for,6,0.6312814503343214,0.04851947144493583,0.010267764557757738,40.21452738105301,1.6295139275522788,,
afus_mdors_subscale_dog_owner_interaction,37,0.6312814503343214,0.21936071579878008,0.01752319217050336,8.294897243748366,0.8456405979568041,,
afus_mdors_subscale_perceived_emotional_closeness,39,0.6312814503343214,0.05022930814067724,0.01176549328405665,6.359503850808818,0.7213175124125165,,
afus_mdors_subscale_perceived_costs,34,0.6312814503343214,0.07427846809103494,0.020553643392867246,8.04578884271706,0.37449176261803824,,
pa_moderate_weather_outdoor_concrete,3,0.018611704694285518,0.1704452972052922,0.06773374708253035,55.72133266630728,4.491299065046668,0.7145686630074364,0.03765667705704652
pa_moderate_weather_outdoor_wood,3,0.018611704694285518,0.02181345145843818,0.04561939637537975,67.85493942248549,4.121210132920732,0.0,0.0
pa_moderate_weather_outdoor_other_hard_surface,3,0.018611704694285518,0.09500929176494011,0.04520737790598369,46.6297362935781,4.12792957039311,0.6349120453310678,0.039388031959259606
pa_moderate_weather_outdoor_grass_or_dirt,3,0.018611704694285518,,,100.0,0.0,1.0,0.0
pa_moderate_weather_outdoor_gravel,3,0.018611704694285518,0.0550607291773628,0.02690669606731789,67.46470110490426,5.304278438358676,0.0,0.0
pa_moderate_weather_outdoor_sand,3,0.018611704694285518,0.018728160504910725,0.013900994206986598,86.9647039638934,3.2819748521102983,0.0,0.0
pa_moderate_weather_outdoor_astroturf,3,0.030261253188116084,0.017998661458410944,0.018903948681591537,95.85107037439052,1.7438198900072142,0.0,0.0
pa_moderate_weather_outdoor_other_surface,3,0.018611704694285518,0.012787971879874047,0.027675608092900195,93.29296306253995,2.935337523563293,0.0,0.0
pa_hot_weather_outdoor_concrete,3,0.21017439856620942,0.20073368535614952,0.025630761755946835,43.827347439115854,2.3349953295990162,0.5862284891071388,0.024624651250862634
pa_hot_weather_outdoor_wood,3,0.21017439856620942,0.19035862090226424,0.019627622457337807,79.77439449327179,0.9648397331128322,0.0,0.0
pa_hot_weather_outdoor_other_hard_surface,3,0.21017439856620942,0.19112881383259422,0.02507350611292296,69.94019943964652,1.8707626379389146,0.619609220705968,0.025533200958693672
pa_hot_weather_outdoor_grass_or_dirt,3,0.21017439856620942,0.005544511099823764,0.004479921222410902,93.69967181089649,0.8805886894699406,0.9674523733950349,0.004697397582968911
pa_hot_weather_outdoor_gravel,3,0.21017439856620942,0.20850038156394954,0.0321342252374003,80.55017022791874,1.1478563356884521,0.0,0.0
pa_hot_weather_outdoor_sand,3,0.21017439856620942,0.14249730491241247,0.03446653232674732,90.2198502076231,1.0365389275399552,0.0,0.0
pa_hot_weather_outdoor_astroturf,3,0.21941131867374372,0.06813911612641309,0.04316170896810331,95.71490739325266,0.6018041167915064,0.0,0.0
pa_hot_weather_outdoor_other_surface,3,0.21017439856620942,0.0641678120686907,0.023997160878148568,93.61678065403315,1.1075990491869971,0.0,0.0
pa_cold_weather_outdoor_concrete,3,0.2930309505755842,0.26702339190779273,0.023655472516931387,43.86110191302844,1.3071059481158627,0.609655173925626,0.012653156839170841
pa_cold_weather_outdoor_wood,3,0.2930309505755842,0.30104272346149974,0.03714614755773349,77.45398278329208,1.7360779072257329,0.0,0.0
pa_cold_weather_outdoor_other_hard_surface,3,0.2930309505755842,0.23620510468653322,0.02243125571059502,43.08318030366293,1.8186873522049358,0.6019873623337165,0.017648075681701566
pa_cold_weather_outdoor_grass_or_dirt,3,0.2930309505755842,0.003498773401980765,0.0038849253694583593,88.85956016198558,0.9668222649780237,0.9409841881683858,0.005440983159040588
pa_cold_weather_outdoor_gravel,3,0.2930309505755842,0.29674683996228735,0.03226031072049673,79.24897319325254,0.9759906716482245,0.0,0.0
pa_cold_weather_outdoor_sand,3,0.2930309505755842,0.11085548684394089,0.015585493397557834,90.51352344502814,0.7808330269015971,0.0,0.0
pa_cold_weather_outdoor_astroturf,3,0.30095815813055765,0.014225813774256349,0.006292733857152268,96.68344919484962,0.6757542843128278,0.0,0.0
pa_cold_weather_outdoor_other_surface,3,0.2930309505755842,0.030241571254442767,0.011735329687705298,88.41609824208722,0.8300755176473184,0.0,0.0
pa_on_leash_walk_reasons_dog_relieve_itself,3,0.07003515544220032,0.05658239010322086,0.02547785761074617,58.81768252256343,2.8758290942477247,0.7402843949259722,0.022649452597544743
pa_on_leash_walk_reasons_activity_and_enjoyment,3,0.07003515544220032,0.006732256695904196,0.005438335604787479,86.9277828726656,2.4817158590689385,0.9298765146523763,0.014432100084149777
pa_on_leash_walk_reasons_exercise_for_dog,3,0.07003515544220032,0.004825869354314834,0.010189539845447486,83.96991106895955,2.188232439665642,0.9127102193774134,0.013073029967862965
pa_on_leash_walk_reasons_exercise_for_owner,3,0.07003515544220032,0.033215766287863754,0.02905530879691003,69.38335015283764,1.7061745326433801,0.8191257106435501,0.011982883465336295
pa_on_leash_walk_reasons_training_obedience,3,0.07003515544220032,0.2115991328316007,0.06053318130264328,76.1720075061982,2.751330192224972,0.4412917808668217,0.055314974629163766
pa_on_leash_walk_reasons_other,3,0.07003515544220032,0.019203677710202552,0.014156779846082471,93.88517404520299,0.8923470152997437,0.0,0.0
pa_off_leash_walk_reasons_dog_relieve_itself,3,0.6410008961191149,0.024418547954102643,0.008212615399802189,57.49790183026569,1.5857170713221218,0.7300125491320699,0.012839598217780253
pa_off_leash_walk_reasons_activity_and_enjoyment,3,0.6410008961191149,0.0015090774398180812,0.0012766863196945189,85.7155654252463,1.3292196375933458,0.92302918374596,0.007707187961007368
pa_off_leash_walk_reasons_exercise_for_dog,3,0.6410008961191149,0.01559649491831686,0.006180295744469592,80.45515191020185,1.4171909065147066,0.8916227919267843,0.008734034121815499
pa_off_leash_walk_reasons_exercise_for_owner,3,0.6410008961191149,0.05009958773337533,0.007203336602297479,41.84421454387412,1.8663709495990748,0.5851418420846498,0.01851802315219775
pa_off_leash_walk_reasons_training_obedience,3,0.6410008961191149,0.13553635584668622,0.018473119781760684,76.05010230563202,1.4283905269586734,0.0,0.0
pa_off_leash_walk_reasons_other,3,0.6410008961191149,0.0015328937316022048,0.0020883813563053882,92.02913328589152,0.793004302491742,0.0,0.0
pa_off_leash_walk_in_enclosed_area,3,0.6410008961191149,0.006225878677761381,0.005265463270109647,69.37133155898819,1.4914993138735113,0.8190706896794548,0.010439192498460403
pa_off_leash_walk_in_open_area,3,0.6410008961191149,0.0044220895798018954,0.00251102323033075,78.33073583582035,1.700001850063912,0.8783863463452782,0.010699359887593421
pa_swim,2,0.0,,,,,,
pa_swim_locations_swimming_pool,3,0.7519818018887434,0.02585534519392583,0.00908194858100213,71.90424001573771,1.2614582185037084,0.0,0.0
pa_swim_locations_pond_or_lake,3,0.7519818018887434,0.019715100007710533,0.006470375092554749,62.81744871608281,1.8283195263942096,0.7714751231029249,0.013831107546663373
pa_swim_locations_river_stream_or_creek,3,0.7519818018887434,0.007736420086802966,0.005352876599784236,47.76642875218746,1.9630254691993438,0.6462754344958576,0.01785391395626024
pa_swim_locations_agricultural_ditch,3,0.7519818018887434,0.0034199044564525855,0.0029738548435013484,96.95280289556702,0.27049863337037217,0.0,0.0
pa_swim_locations_ocean,3,0.7519818018887434,0.006156544155228915,0.00473583765093828,76.92207699831772,1.029670327341312,0.0,0.0
pa_swim_locations_other,3,0.7519818018887434,0.0008301368667669358,0.0010039749029366963,96.46110925669295,0.5613630774034747,0.0,0.0
df_primary_diet_component_organic,3,0.09305852347142758,0.06213089631791047,0.026808213013296802,79.57996041732179,1.7870470089585488,0.0,0.0
df_primary_diet_component_grain_free,3,0.09305852347142758,0.026748127344443512,0.01483806353884066,36.824804303514554,2.162487473283573,0.5379116815510226,0.02309956056614454
df_primary_diet_component_grain_free_past,3,0.5077548769559523,0.032952390434001014,0.009991238830326179,70.1296306470525,1.5747277264836486,0.09271608329428276,0.026225199773086863
df_primary_diet_component_change_recent,3,0.09305852347142758,0.019863989480407195,0.016538345372296398,78.38121359499887,1.29862714023872,0.0,0.0
df_primary_diet_component_change_allergy_related,3,0.7974081477907217,0.0029058438609056584,0.0029030109659467394,86.86299501907804,0.9920745948253465,0.0,0.0
df_primary_diet_component_change_different_life_stage,3,0.7974081477907217,0.03188029542134488,0.018915822770646774,86.15718948303602,1.6317784066645107,0.0,0.0
df_primary_diet_component_change_stop_grain_free,3,0.7974081477907217,0.010052007516937814,0.005461449124309545,76.08596274333716,1.25546779359979,0.0,0.0
df_primary_diet_component_change_health_condition_specific,3,0.7974081477907217,0.006686704095595468,0.0040820233319580485,83.53579104297184,1.6919853509446103,0.0,0.0
df_primary_diet_component_change_other,3,0.7974081477907217,0.007175562404996237,0.0029941996697441004,77.98589760361358,1.7907582010798435,0.0,0.0
df_secondary_diet_component_used,3,0.09305852347142758,0.019435488219195086,0.011785508647235824,48.938697419792554,2.462674438703986,0.45379519088414544,0.02776658809095692
df_secondary_diet_component_organic,3,0.7339215551113256,0.028281712845289287,0.01034652762466759,73.29941239003271,2.090123250411971,0.0,0.0
df_secondary_diet_component_grain_free,3,0.7339215551113256,0.014145684267493594,0.00819267780258621,51.68432609322317,1.1721083006695594,0.6813940346563556,0.010116635238545944
df_secondary_diet_component_grain_free_past,3,0.8845384986558213,0.009176655003536172,0.010701208872913842,84.21868593158362,1.1587505817060204,0.0,0.0
df_secondary_diet_component_change_recent,3,0.7339215551113256,0.03377359416054814,0.007754236836500544,81.07553386008342,1.2010212967608211,0.0,0.0
df_treats_commercial_biscuits,3,0.10298476597504654,0.00925681811973303,0.011843232801040644,81.86951885194055,2.4328728929390095,0.9001131175311687,0.014755881744158239
df_treats_rawhide,3,0.10298476597504654,0.030070537586628105,0.014474836910675184,45.94038802387089,1.4070430819674702,0.579786456058015,0.017395862127378182
df_treats_bones,3,0.10298476597504654,0.03448227041185008,0.018417548039261808,71.32576774146779,1.399879158837006,0.0,0.0
df_treats_table_meat,3,0.10298476597504654,0.04539707888005341,0.0203454544708714,64.32542139899218,1.5870557182958722,0.7827876864616351,0.011926241026383398
df_treats_table_carbs,3,0.10298476597504654,0.0421605984364754,0.019561402646359242,51.89721982984272,3.1655965486991207,0.5455743528071385,0.030744459532866558
df_treats_vegetables,3,0.10298476597504654,0.06068358894615664,0.023639076068644786,66.12613874160161,2.153902273197259,0.7958948694482092,0.015478319836781523
df_treats_homemade_protein,3,0.10298476597504654,0.03944341321230913,0.015303987863301878,75.95071259810757,2.1752259709355246,0.0,0.0
df_treats_homemade_biscuits,3,0.10298476597504654,0.01298534390236585,0.009465363012326896,69.60466033216876,1.7950149681933987,0.01773374044275449,0.015683757981917318
df_treats_pumpkin,3,0.10298476597504654,0.041358578676601754,0.02334501454827333,68.36295074593467,3.4866718862507518,0.33793381169543185,0.0526539267710975
df_treats_peanut_butter,3,0.10298476597504654,0.04432244652223338,0.023600476444258674,55.86463675327445,2.8582628822168523,0.7164077009129072,0.023321989538695163
df_treats_other,3,0.10291583373543807,0.021633295626187092,0.016656097172080137,55.4509844743269,3.424729847737291,0.4344849422574074,0.026813383694791793
df_daily_supplements,3,0.09305852347142758,0.24749038722056457,0.03419110135554135,49.46510744775256,1.9260971610309803,0.6616727153089859,0.017256069855748478
df_infrequent_supplements,3,0.09305852347142758,0.010504341733218066,0.01193781591066096,88.76749692191729,2.116174349178907,0.0,0.0
df_ever_malnourished,3,0.24732887571517198,0.011450656362896893,0.007446298762423315,92.29926858305872,0.7871225006173355,0.0,0.0
df_ever_underweight,3,0.20052388502102433,0.010179595783072782,0.0056460953367049585,86.80400452305882,1.348623352978462,0.0,0.0
df_ever_overweight,3,0.147239263803681,0.11395612295915139,0.022632905549482506,69.38501192260011,2.0181013586968746,0.11853115519785709,0.02380125736555652
mp_dental_procedure_undergone,2,0.0,,,,,,
mp_dental_cleaning,3,0.7370924381333149,0.006204452366228748,0.0052092170503639556,90.10876306656178,1.1396623425365715,0.9479327471755175,0.00632135868713543
mp_dental_extraction,3,0.7370924381333149,0.06984215891283359,0.016554172170794444,51.67077971415639,1.5579723045893832,0.6812149609595867,0.013579706790779997
mp_professional_grooming,2,0.0,,,,,,
mp_professional_grooming_shampoos_regular,3,0.6523057834149032,0.003044611133466794,0.003382782446260543,56.47637721099646,1.1899138137091732,0.7217777446707968,0.009738617391765547
mp_professional_grooming_shampoos_flea_or_tick_control,3,0.6523057834149032,0.001324277538985521,0.0016708433608303268,97.64226997979169,0.3653632196270386,0.0,0.0
mp_professional_grooming_shampoos_medicated,3,0.6523057834149032,0.0025426928730685845,0.003883251243586804,95.45474719581694,0.8909904802756912,0.0,0.0
mp_professional_grooming_shampoos_none,3,0.6523057834149032,0.0020403023419009528,0.0015163709191649774,98.75240410988127,0.4459711416178661,0.0,0.0
mp_professional_grooming_shampoos_unknown,3,0.6523057834149032,0.004531848589927163,0.003688782887372443,67.43981359412707,1.6298879287473231,0.16309063105005062,0.02259994506132531
mp_professional_grooming_shampoos_other,3,0.6523057834149032,0.02654067856947841,0.015476762829401162,94.3457202160707,0.8392565872073902,0.0,0.0
mp_home_grooming,2,0.0,,,,,,
mp_home_grooming_shampoos_regular,3,0.21038119528503482,0.0076878263971527335,0.005906214140821218,74.53486743283709,2.191826332516215,0.8539171839049947,0.014332761753961313
mp_home_grooming_shampoos_flea_or_tick_control,3,0.21038119528503482,0.002774013894476025,0.003191728365505741,95.59015060760976,0.6778233474908988,0.0,0.0
mp_home_grooming_shampoos_medicated,3,0.21038119528503482,0.03663018901614692,0.010989463011345683,90.17515870196493,0.8733942183786925,0.0,0.0
mp_home_grooming_shampoos_none,3,0.21038119528503482,0.0014135023297810274,0.002087599398013422,96.55374022970601,0.48735016784782487,0.0,0.0
mp_home_grooming_shampoos_unknown,3,0.21038119528503482,0.0018956974193456977,0.0019638451742551746,98.37841551982743,0.5169770879369426,0.0,0.0
mp_home_grooming_shampoos_other,3,0.21038119528503482,0.005943596621137274,0.004398568296813146,85.27878915816436,1.0797909938000676,0.0,0.0
mp_flea_and_tick_treatment,2,0.0,,,,,,
mp_flea_and_tick_treatment_topical,3,0.19886951127042118,0.02431713100905212,0.009539154661599413,55.77212583345846,2.102977825272312,0.47147601159354025,0.03894767552481433
mp_flea_and_tick_treatment_oral,3,0.19886951127042118,0.026721149986733788,0.011367801202376829,62.76847320278954,2.023202246137535,0.7710717982489078,0.015208049508022573
mp_flea_and_tick_treatment_dip,3,0.19886951127042118,0.0030041591730481454,0.0020820668845052716,99.47440048741251,0.36922346591512767,0.0,0.0
mp_flea_and_tick_treatment_collar,3,0.19886951127042118,0.00633002574435913,0.005470491172308192,89.81570945423164,0.9939734141101185,0.0,0.0
mp_flea_and_tick_treatment_other,3,0.19886951127042118,0.051452929880127486,0.02876069574667247,96.39601286622599,0.6859285077822991,0.0,0.0
mp_heartworm_preventative,2,0.0,,,,,,
mp_heartworm_preventative_oral_chewable,3,0.24305507685944716,0.0009129605677551864,0.0013537769657954893,90.66426210722791,0.9053110869280007,0.9510121918638514,0.004955711860398759
mp_heartworm_preventative_oral_solution,3,0.24305507685944716,0.0004418726843252543,0.0004181052725843755,98.49155833709621,0.3659038649450427,0.0,0.0
mp_heartworm_preventative_topical,3,0.24305507685944716,0.0031593735014837066,0.0038089473509331302,95.66911641315374,0.913316601039706,0.0,0.0
mp_heartworm_preventative_injectable,3,0.24305507685944716,0.003241160520285507,0.003801784361346779,93.92701299600975,0.6996652386750826,0.0,0.0
mp_heartworm_preventative_other,3,0.24305507685944716,0.003681949839496689,0.0047008172900096365,99.20077035246445,0.1914384859860424,0.0,0.0
mp_recent_non_prescription_meds_antibiotic_ointment,2,0.0,,,,,,
mp_recent_non_prescription_meds_antihistamine,2,0.0,,,,,,
mp_recent_non_prescription_meds_anti_inflammatory,2,0.0,,,,,,
mp_recent_non_prescription_meds_ear_cleaner,2,0.0,,,,,,
mp_recent_non_prescription_meds_enzymes,2,0.0,,,,,,
mp_recent_non_prescription_meds_eye_lubricant,2,0.0,,,,,,
mp_recent_non_prescription_meds_joint_supplement,2,0.0,,,,,,
mp_recent_non_prescription_meds_upset_stomach,2,0.0,,,,,,
mp_recent_non_prescription_meds_omega3,2,0.0,,,,,,
mp_recent_non_prescription_meds_non_oil_skin,2,0.0,,,,,,
mp_recent_non_prescription_meds_probiotic,2,0.0,,,,,,
mp_recent_non_prescription_meds_acidify_supplement,2,0.0,,,,,,
mp_recent_non_prescription_meds_alkalinize_supplement,2,0.0,,,,,,
mp_recent_non_prescription_meds_vitamin,2,0.0,,,,,,
mp_recent_non_prescription_meds_other,2,0.0,,,,,,
hs_new_condition_diagnosed_recently,2,0.0,,,,,,
hs_new_condition_diagnosed_last_month,3,0.8955676569931758,0.015924183568520017,0.011160909865784092,46.593276143614155,2.430106444031093,0.6353012776332849,0.022906324545777863
hs_chronic_condition_present,2,0.0,,,,,,
hs_chronic_condition_recently_changed_or_treated,3,0.7273729923485214,0.025646515492394363,0.01345125555816717,72.54137632882409,1.257716475012762,0.0,0.0
hs_congenital_condition_present,2,0.0,,,,,,
hs_recent_hospitalization,2,0.0,,,,,,
hs_health_conditions_immune,2,0.0,,,,,,
hs_health_conditions_infectious_disease,2,0.0,,,,,,
hs_health_conditions_toxin_consumption,2,0.0,,,,,,
hs_health_conditions_trauma,2,0.0,,,,,,
hs_health_conditions_cancer,2,0.0,,,,,,
hs_alternative_care_none,2,0.0,,,,,,
hs_alternative_care_acupuncture,2,0.0,,,,,,
hs_alternative_care_herbal_medicine,2,0.0,,,,,,
hs_alternative_care_homeopathy,2,0.0,,,,,,
hs_alternative_care_chiropractic,2,0.0,,,,,,
hs_alternative_care_massage,2,0.0,,,,,,
hs_alternative_care_rehabilitation_therapy,2,0.0,,,,,,
hs_alternative_care_reiki,2,0.0,,,,,,
hs_alternative_care_traditional_chinese_medicine,2,0.0,,,,,,
hs_alternative_care_other,2,0.0,,,,,,
afus_df_treats_dental,3,0.6677466050871993,0.09082768551905952,0.012474628519694917,51.703221467646856,1.6272184341949298,0.6814840508865756,0.014207177625535278
afus_df_treats_fruit,3,0.6677466050871993,0.1238550049349598,0.010049502628041027,47.07296096520456,1.3941100369046224,0.6400088256534531,0.012860889873017384
afus_df_treats_dairy,3,0.6677466050871993,0.055991745704244165,0.01344945698568414,52.75397542952286,1.2198689302966699,0.6906222553601743,0.01037539966403083
afus_df_treats_meat_cooked,3,0.6677466050871993,0.03880148663419543,0.013976611991703518,48.74804726015686,0.9511120848305861,0.6553896830667838,0.008578503101878378
afus_df_treats_meat_raw,3,0.6677466050871993,0.04289397188271794,0.014748074045185893,90.0428438646901,1.229740816216727,0.0,0.0
afus_df_treats_oil,3,0.6677466050871993,0.03264889468302765,0.013673530832396464,88.919465703741,0.9922871687410155,0.0,0.0
afus_df_treats_jerky,3,0.6677466050871993,0.04512713235349654,0.01271606040546838,39.492806142760166,1.4932256623693443,0.5655399193082333,0.015254172233701633
afus_df_treats_eggs,3,0.6677466050871993,0.05905233934947861,0.01558769088885048,45.283147835509034,1.8347467197054836,0.5733304919663318,0.01690927517143341
afus_df_malnourished_last_year,3,0.664299993106776,0.0012392164266431416,0.0018077729857554166,99.5434952136681,0.17574408933477187,0.0,0.0
afus_df_underweight_last_year,3,0.6650582477424691,0.0022151381211347717,0.002304910163240145,96.79424726307457,0.4966316480276544,0.0,0.0
afus_df_overweight_last_year,3,0.6685737919625009,0.019371662391836634,0.004598927465140944,81.35530827650844,0.6399567945390052,0.0,0.0
afus_mp_flea_and_tick_treatment_injectable,3,0.6976631970772731,0.0007751059192347089,0.0011625634242009842,99.15781163675865,0.21544453370522823,0.0,0.0
afus_mp_flea_and_tick_treatment_essential_oils,3,0.6976631970772731,0.03706510650630908,0.01981665768470551,96.49091475545066,0.5426496926144897,0.0,0.0
afus_mp_flea_and_tick_treatment_shampoo,3,0.6976631970772731,0.011320484865438612,0.009513402039823945,93.34751809974382,0.7423073729118906,0.0,0.0
afus_mp_flea_and_tick_treatment_environmental,3,0.6976631970772731,0.0003979116381899333,0.000670186357724947,95.18420115389483,0.83596902504325,0.0,0.0
afus_hs_ongoing_condition_treatment_yn,3,0.6385193354932102,0.2438602938361067,0.018263881044581393,74.84613290370794,1.6334120089285518,0.020269636037709832,0.012104090438189994
afus_hs_ongoing_condition_infectious_disease,3,0.9213483146067416,0.002835451737010921,0.0025230342592976562,97.3237235948228,1.1548317738303822,0.0,0.0
afus_hs_ongoing_condition_toxin_consumption,3,0.9213483146067416,0.002568041888155852,0.0028598822760815663,99.29018011267685,0.24448499427442918,0.0,0.0
afus_hs_ongoing_condition_trauma,3,0.9213483146067416,0.007080932788992522,0.006066475011813102,99.22014404354896,0.47861609433229374,0.0,0.0
afus_hs_ongoing_condition_cancer,3,0.9213483146067416,0.0025361111997006984,0.002314341392528316,96.09388183959595,1.0005310023550724,0.0,0.0
afus_hs_ongoing_condition_eye,3,0.9213483146067416,0.008908312115505449,0.010497111154490191,93.86064619330622,1.4805123226135541,0.0,0.0
afus_hs_ongoing_condition_ear,3,0.9213483146067416,0.010316235554593432,0.006386128523681974,92.55605978204792,0.9727594642221028,0.0,0.0
afus_hs_ongoing_condition_oral,3,0.9213483146067416,0.0035188858916616154,0.003290096457988667,94.43935542385087,0.733956006656644,0.0,0.0
afus_hs_ongoing_condition_skin,3,0.9213483146067416,0.03140383514444524,0.01661189915870394,76.84600683617798,2.5251847945769277,0.0,0.0
afus_hs_ongoing_condition_cardiac,3,0.9213483146067416,0.011217907862217023,0.009904844375789226,92.12750530646888,1.3558061685575258,0.0,0.0
afus_hs_ongoing_condition_respiratory,3,0.9213483146067416,0.00581883391059468,0.006071760738489029,98.87329562215197,0.33902359625950856,0.0,0.0
afus_hs_ongoing_condition_gastrointestinal,3,0.9213483146067416,0.0032238726714162447,0.0037996994456203394,90.14239593023703,1.1880718268904087,0.0,0.0
afus_hs_ongoing_condition_liver,3,0.9213483146067416,0.012887962328627467,0.007923964381060149,94.53913967975998,1.4187522305793006,0.0,0.0
afus_hs_ongoing_condition_kidney,3,0.9213483146067416,0.015807141806048437,0.012411495715054177,90.57668892485017,1.249892923225493,0.0,0.0
afus_hs_ongoing_condition_reproductive,3,0.9213483146067416,,,100.0,0.0,0.0,0.0
afus_hs_ongoing_condition_orthopedic,3,0.9213483146067416,0.013273026594110057,0.013696585595218474,80.12048168987302,2.222252845864835,0.0,0.0
afus_hs_ongoing_condition_neurologic,3,0.9213483146067416,0.005308550180563347,0.005711897233680793,95.84232632968563,1.2859166857377582,0.0,0.0
afus_hs_ongoing_condition_endocrine,3,0.9213483146067416,0.018417946304268632,0.013865593701781627,93.33467490996566,1.4615569051241675,0.0,0.0
afus_hs_ongoing_condition_hematologic,3,0.9213483146067416,0.000719381997985713,0.0006354383051027919,99.44723471310023,0.27750604832445636,0.0,0.0
afus_hs_ongoing_condition_immune,3,0.9213483146067416,0.0018885858426758641,0.001830564326625491,99.06702916800367,0.3640572388271171,0.0,0.0
afus_hs_ongoing_condition_other,3,0.9213483146067416,0.013436379936823409,0.008068589488836445,82.28260846954689,1.633714192438359,0.0,0.0
afus_hs_new_condition_diagnosed_last_year,3,0.6385193354932102,0.009260782534175966,0.006958577245453739,41.38044209775272,1.4788267986285761,0.5852216754024677,0.014867594423859517
afus_hs_new_condition_diagnosed_last_three_months,3,0.8546219066657476,0.004515157942686783,0.006874816076498163,43.48028342213733,2.1467965597212184,0.6057751076625214,0.020396707802590994
afus_hs_chronic_condition_diagnosed_last_year,3,0.8546219066657476,0.029132839263997613,0.016515421223662383,38.96492050739744,2.0979198077681684,0.5584830342509824,0.021181406421195117
